fecha,temperatura_media,temperatura_maxima,temperatura_minima,precipitacion,viento_maximo
2026-08-01,19.8,26.2,15.3,0.1,13.3
2026-08-02,19.2,24.9,15.3,0.0,11.0
2026-08-03,19.1,24.6,14.3,0.0,9.3
2026-08-04,19.3,25.0,14.9,0.0,9.9
2026-08-05,19.4,25.4,15.1,0.0,14.6
2026-08-06,18.6,22.9,14.0,0.0,11.6
2026-08-07,19.7,26.3,14.2,0.0,11.7
2026-08-08,20.5,26.4,15.5,0.1,9.2
2026-08-09,20.6,26.9,15.7,0.0,9.8
2026-08-10,19.8,25.5,15.1,0.0,12.9
2026-08-11,19.6,25.2,15.7,0.1,12.7
2026-08-12,19.0,26.0,13.4,1.5,13.9
2026-08-13,19.2,27.0,13.2,0.0,16.4
2026-08-14,18.3,24.4,12.2,0.0,13.4
2026-08-15,19.5,24.1,16.1,0.1,12.7
2026-08-16,18.3,26.0,14.9,18.5,14.8
2026-08-17,18.1,25.5,14.7,7.0,13.9
2026-08-18,19.5,26.2,13.7,0.0,9.8
2026-08-19,20.2,27.3,15.0,0.0,12.3
2026-08-20,19.3,24.3,15.9,0.0,11.6
2026-08-21,19.6,26.4,13.4,0.1,12.3
2026-08-22,19.9,25.7,14.9,0.1,11.1
2026-08-23,20.5,26.3,15.8,0.0,13.6
2026-08-24,20.5,25.1,17.2,0.0,8.9
2026-08-25,19.4,24.8,15.8,0.0,8.9
2026-08-26,19.7,26.8,14.2,0.3,11.6
2026-08-27,20.1,28.0,13.7,0.0,12.6
2026-08-28,20.1,25.5,15.6,0.8,8.1
2026-08-29,20.9,26.5,15.8,0.0,8.1
2026-08-30,19.9,25.8,14.8,0.0,8.4
2026-08-31,19.9,26.6,14.1,0.0,9.2
